regiao;estado;data;casosAcumulados;obitosAcumulados
Norte;RO;2020-05-01;585;18
Norte;AC;2020-05-01;486;19
Norte;AM;2020-05-01;5723;476
Norte;RR;2020-05-01;602;8
Norte;PA;2020-05-01;3176;235
Norte;AP;2020-05-01;1121;37
Norte;TO;2020-05-01;164;3
Nordeste;MA;2020-05-01;3506;204
Nordeste;PI;2020-05-01;600;24
Nordeste;CE;2020-05-01;7879;505
Nordeste;RN;2020-05-01;1297;56
Nordeste;PB;2020-05-01;926;67
Nordeste;PE;2020-05-01;7334;603
Nordeste;AL;2020-05-01;1226;53
Nordeste;SE;2020-05-01;517;14
Nordeste;BA;2020-05-01;3085;117
Sudeste;MG;2020-05-01;1935;88
Sudeste;ES;2020-05-01;2662;96
Sudeste;RJ;2020-05-01;10166;921
Sudeste;SP;2020-05-01;30374;2511
Sul;PR;2020-05-01;1447;89
Sul;SC;2020-05-01;2394;48
Sul;RS;2020-05-01;1529;58
Centro-Oeste;MS;2020-05-01;261;9
Centro-Oeste;MT;2020-05-01;320;11
Centro-Oeste;GO;2020-05-01;808;29
Centro-Oeste;DF;2020-05-01;1466;30
EUA;NY;2020-05-01;308345;18610
Norte;RO;2020-04-30;502;16
Norte;AC;2020-04-30;404;19
Norte;AM;2020-04-30;5254;425
Norte;RR;2020-04-30;519;7
Norte;PA;2020-04-30;2876;208
Norte;AP;2020-04-30;1080;34
Norte;TO;2020-04-30;137;3
Nordeste;MA;2020-04-30;3190;184
Nordeste;PI;2020-04-30;513;24
Nordeste;CE;2020-04-30;7606;482
Nordeste;RN;2020-04-30;1177;56
Nordeste;PB;2020-04-30;814;62
Nordeste;PE;2020-04-30;6876;565
Nordeste;AL;2020-04-30;1044;47
Nordeste;SE;2020-04-30;447;12
Nordeste;BA;2020-04-30;2851;104
Sudeste;MG;2020-04-30;1827;82
Sudeste;ES;2020-04-30;2465;83
Sudeste;RJ;2020-04-30;9453;854
Sudeste;SP;2020-04-30;28698;2375
Sul;PR;2020-04-30;1407;83
Sul;SC;2020-04-30;2085;46
Sul;RS;2020-04-30;1466;51
Centro-Oeste;MS;2020-04-30;255;9
Centro-Oeste;MT;2020-04-30;297;11
Centro-Oeste;GO;2020-04-30;781;29
Centro-Oeste;DF;2020-04-30;1356;30
EUA;NY;2020-04-30;304401;18321
Norte;RO;2020-04-29;433;15
Norte;AC;2020-04-29;354;17
Norte;AM;2020-04-29;4801;380
Norte;RR;2020-04-29;452;6
Norte;PA;2020-04-29;2422;137
Norte;AP;2020-04-29;1016;31
Norte;TO;2020-04-29;116;3
Nordeste;MA;2020-04-29;2804;166
Nordeste;PI;2020-04-29;454;24
Nordeste;CE;2020-04-29;7267;441
Nordeste;RN;2020-04-29;1086;53
Nordeste;PB;2020-04-29;699;58
Nordeste;PE;2020-04-29;6194;538
Nordeste;AL;2020-04-29;957;41
Nordeste;SE;2020-04-29;337;12
Nordeste;BA;2020-04-29;2646;96
Sudeste;MG;2020-04-29;1758;80
Sudeste;ES;2020-04-29;2107;76
Sudeste;RJ;2020-04-29;8869;794
Sudeste;SP;2020-04-29;26158;2247
Sul;PR;2020-04-29;1348;82
Sul;SC;2020-04-29;1995;44
Sul;RS;2020-04-29;1368;50
Centro-Oeste;MS;2020-04-29;249;9
Centro-Oeste;MT;2020-04-29;292;11
Centro-Oeste;GO;2020-04-29;705;27
Centro-Oeste;DF;2020-04-29;1275;28
EUA;NY;2020-04-29;299722;18015
Norte;RO;2020-04-28;413;11
Norte;AC;2020-04-28;311;16
Norte;AM;2020-04-28;4337;351
Norte;RR;2020-04-28;425;6
Norte;PA;2020-04-28;2262;129
Norte;AP;2020-04-28;918;28
Norte;TO;2020-04-28;79;2
Nordeste;MA;2020-04-28;2528;145
Nordeste;PI;2020-04-28;408;21
Nordeste;CE;2020-04-28;6918;403
Nordeste;RN;2020-04-28;857;48
Nordeste;PB;2020-04-28;633;53
Nordeste;PE;2020-04-28;5724;508
Nordeste;AL;2020-04-28;777;36
Nordeste;SE;2020-04-28;280;11
Nordeste;BA;2020-04-28;2540;86
Sudeste;MG;2020-04-28;1649;71
Sudeste;ES;2020-04-28;1874;64
Sudeste;RJ;2020-04-28;8504;738
Sudeste;SP;2020-04-28;24041;2049
Sul;PR;2020-04-28;1271;77
Sul;SC;2020-04-28;1476;44
Sul;RS;2020-04-28;1286;45
Centro-Oeste;MS;2020-04-28;240;9
Centro-Oeste;MT;2020-04-28;261;11
Centro-Oeste;GO;2020-04-28;661;27
Centro-Oeste;DF;2020-04-28;1213;28
EUA;NY;2020-04-28;295137;17638
Norte;RO;2020-04-27;393;10
Norte;AC;2020-04-27;279;14
Norte;AM;2020-04-27;3928;320
Norte;RR;2020-04-27;407;4
Norte;PA;2020-04-27;2128;114
Norte;AP;2020-04-27;842;26
Norte;TO;2020-04-27;67;2
Nordeste;MA;2020-04-27;2410;125
Nordeste;PI;2020-04-27;364;20
Nordeste;CE;2020-04-27;6726;390
Nordeste;RN;2020-04-27;832;45
Nordeste;PB;2020-04-27;543;50
Nordeste;PE;2020-04-27;5358;450
Nordeste;AL;2020-04-27;643;34
Nordeste;SE;2020-04-27;197;10
Nordeste;BA;2020-04-27;2354;76
Sudeste;MG;2020-04-27;1586;62
Sudeste;ES;2020-04-27;1796;57
Sudeste;RJ;2020-04-27;7944;677
Sudeste;SP;2020-04-27;21696;1825
Sul;PR;2020-04-27;1186;75
Sul;SC;2020-04-27;1337;43
Sul;RS;2020-04-27;1228;42
Centro-Oeste;MS;2020-04-27;238;9
Centro-Oeste;MT;2020-04-27;257;10
Centro-Oeste;GO;2020-04-27;616;26
Centro-Oeste;DF;2020-04-27;1146;27
EUA;NY;2020-04-27;292027;17303
Norte;RO;2020-04-26;364;10
Norte;AC;2020-04-26;279;11
Norte;AM;2020-04-26;3833;304
Norte;RR;2020-04-26;401;4
Norte;PA;2020-04-26;1867;100
Norte;AP;2020-04-26;798;21
Norte;TO;2020-04-26;58;2
Nordeste;MA;2020-04-26;2223;112
Nordeste;PI;2020-04-26;331;18
Nordeste;CE;2020-04-26;5833;327
Nordeste;RN;2020-04-26;825;44
Nordeste;PB;2020-04-26;499;49
Nordeste;PE;2020-04-26;4898;415
Nordeste;AL;2020-04-26;554;32
Nordeste;SE;2020-04-26;159;9
Nordeste;BA;2020-04-26;2209;73
Sudeste;MG;2020-04-26;1548;61
Sudeste;ES;2020-04-26;1703;51
Sudeste;RJ;2020-04-26;7111;645
Sudeste;SP;2020-04-26;20715;1700
Sul;PR;2020-04-26;1156;72
Sul;SC;2020-04-26;1235;42
Sul;RS;2020-04-26;1166;35
Centro-Oeste;MS;2020-04-26;234;7
Centro-Oeste;MT;2020-04-26;250;9
Centro-Oeste;GO;2020-04-26;573;25
Centro-Oeste;DF;2020-04-26;1066;27
EUA;NY;2020-04-26;288076;16966
Norte;RO;2020-04-25;328;7
Norte;AC;2020-04-25;258;11
Norte;AM;2020-04-25;3635;287
Norte;RR;2020-04-25;345;3
Norte;PA;2020-04-25;1579;86
Norte;AP;2020-04-25;685;19
Norte;TO;2020-04-25;50;2
Nordeste;MA;2020-04-25;2105;100
Nordeste;PI;2020-04-25;297;17
Nordeste;CE;2020-04-25;5421;310
Nordeste;RN;2020-04-25;781;40
Nordeste;PB;2020-04-25;447;46
Nordeste;PE;2020-04-25;4507;381
Nordeste;AL;2020-04-25;501;29
Nordeste;SE;2020-04-25;153;9
Nordeste;BA;2020-04-25;2081;70
Sudeste;MG;2020-04-25;1481;58
Sudeste;ES;2020-04-25;1595;47
Sudeste;RJ;2020-04-25;6828;615
Sudeste;SP;2020-04-25;20004;1667
Sul;PR;2020-04-25;1140;69
Sul;SC;2020-04-25;1209;42
Sul;RS;2020-04-25;1096;34
Centro-Oeste;MS;2020-04-25;217;7
Centro-Oeste;MT;2020-04-25;247;9
Centro-Oeste;GO;2020-04-25;506;25
Centro-Oeste;DF;2020-04-25;1013;26
EUA;NY;2020-04-25;282174;16599
Norte;RO;2020-04-24;290;5
Norte;AC;2020-04-24;234;11
Norte;AM;2020-04-24;3194;255
Norte;RR;2020-04-24;304;3
Norte;PA;2020-04-24;1446;75
Norte;AP;2020-04-24;633;18
Norte;TO;2020-04-24;43;2
Nordeste;MA;2020-04-24;1951;88
Nordeste;PI;2020-04-24;256;16
Nordeste;CE;2020-04-24;4800;284
Nordeste;RN;2020-04-24;754;38
Nordeste;PB;2020-04-24;386;44
Nordeste;PE;2020-04-24;3999;352
Nordeste;AL;2020-04-24;413;27
Nordeste;SE;2020-04-24;144;8
Nordeste;BA;2020-04-24;1962;64
Sudeste;MG;2020-04-24;1419;54
Sudeste;ES;2020-04-24;1381;42
Sudeste;RJ;2020-04-24;6282;570
Sudeste;SP;2020-04-24;17826;1512
Sul;PR;2020-04-24;1119;64
Sul;SC;2020-04-24;1170;42
Sul;RS;2020-04-24;1061;31
Centro-Oeste;MS;2020-04-24;213;7
Centro-Oeste;MT;2020-04-24;240;8
Centro-Oeste;GO;2020-04-24;486;24
Centro-Oeste;DF;2020-04-24;989;26
EUA;NY;2020-04-24;271621;16162
Norte;RO;2020-04-23;250;5
Norte;AC;2020-04-23;227;10
Norte;AM;2020-04-23;2888;234
Norte;RR;2020-04-23;297;3
Norte;PA;2020-04-23;1267;53
Norte;AP;2020-04-23;548;16
Norte;TO;2020-04-23;37;2
Nordeste;MA;2020-04-23;1757;76
Nordeste;PI;2020-04-23;217;15
Nordeste;CE;2020-04-23;4598;266
Nordeste;RN;2020-04-23;708;34
Nordeste;PB;2020-04-23;345;40
Nordeste;PE;2020-04-23;3519;312
Nordeste;AL;2020-04-23;324;22
Nordeste;SE;2020-04-23;124;8
Nordeste;BA;2020-04-23;1789;59
Sudeste;MG;2020-04-23;1308;51
Sudeste;ES;2020-04-23;1363;42
Sudeste;RJ;2020-04-23;6172;530
Sudeste;SP;2020-04-23;16740;1345
Sul;PR;2020-04-23;1082;60
Sul;SC;2020-04-23;1115;39
Sul;RS;2020-04-23;994;29
Centro-Oeste;MS;2020-04-23;186;7
Centro-Oeste;MT;2020-04-23;221;7
Centro-Oeste;GO;2020-04-23;453;23
Centro-Oeste;DF;2020-04-23;963;25
EUA;NY;2020-04-23;263460;15740
Norte;RO;2020-04-22;223;5
Norte;AC;2020-04-22;214;8
Norte;AM;2020-04-22;2479;207
Norte;RR;2020-04-22;280;3
Norte;PA;2020-04-22;1195;43
Norte;AP;2020-04-22;479;14
Norte;TO;2020-04-22;37;1
Nordeste;MA;2020-04-22;1604;66
Nordeste;PI;2020-04-22;206;15
Nordeste;CE;2020-04-22;3910;233
Nordeste;RN;2020-04-22;646;29
Nordeste;PB;2020-04-22;301;39
Nordeste;PE;2020-04-22;3298;282
Nordeste;AL;2020-04-22;243;20
Nordeste;SE;2020-04-22;117;7
Nordeste;BA;2020-04-22;1644;50
Sudeste;MG;2020-04-22;1283;47
Sudeste;ES;2020-04-22;1313;34
Sudeste;RJ;2020-04-22;5552;490
Sudeste;SP;2020-04-22;15914;1134
Sul;PR;2020-04-22;1063;57
Sul;SC;2020-04-22;1091;37
Sul;RS;2020-04-22;923;27
Centro-Oeste;MS;2020-04-22;175;6
Centro-Oeste;MT;2020-04-22;183;6
Centro-Oeste;GO;2020-04-22;438;21
Centro-Oeste;DF;2020-04-22;946;25
EUA;NY;2020-04-22;257246;15302
Norte;RO;2020-04-21;199;4
Norte;AC;2020-04-21;195;8
Norte;AM;2020-04-21;2270;193
Norte;RR;2020-04-21;247;3
Norte;PA;2020-04-21;1026;38
Norte;AP;2020-04-21;457;13
Norte;TO;2020-04-21;37;1
Nordeste;MA;2020-04-21;1396;60
Nordeste;PI;2020-04-21;186;14
Nordeste;CE;2020-04-21;3716;215
Nordeste;RN;2020-04-21;608;28
Nordeste;PB;2020-04-21;263;33
Nordeste;PE;2020-04-21;2908;260
Nordeste;AL;2020-04-21;210;19
Nordeste;SE;2020-04-21;92;5
Nordeste;BA;2020-04-21;1489;47
Sudeste;MG;2020-04-21;1230;44
Sudeste;ES;2020-04-21;1212;34
Sudeste;RJ;2020-04-21;5306;461
Sudeste;SP;2020-04-21;15385;1093
Sul;PR;2020-04-21;1024;51
Sul;SC;2020-04-21;1063;35
Sul;RS;2020-04-21;904;27
Centro-Oeste;MS;2020-04-21;173;6
Centro-Oeste;MT;2020-04-21;181;6
Centro-Oeste;GO;2020-04-21;421;19
Centro-Oeste;DF;2020-04-21;881;24
EUA;NY;2020-04-21;251720;14828
Norte;RO;2020-04-20;160;4
Norte;AC;2020-04-20;176;8
Norte;AM;2020-04-20;2160;185
Norte;RR;2020-04-20;244;3
Norte;PA;2020-04-20;902;35
Norte;AP;2020-04-20;433;13
Norte;TO;2020-04-20;34;1
Nordeste;MA;2020-04-20;1320;54
Nordeste;PI;2020-04-20;158;12
Nordeste;CE;2020-04-20;3482;198
Nordeste;RN;2020-04-20;595;27
Nordeste;PB;2020-04-20;245;32
Nordeste;PE;2020-04-20;2690;234
Nordeste;AL;2020-04-20;171;18
Nordeste;SE;2020-04-20;86;5
Nordeste;BA;2020-04-20;1341;46
Sudeste;MG;2020-04-20;1189;41
Sudeste;ES;2020-04-20;1168;33
Sudeste;RJ;2020-04-20;4899;422
Sudeste;SP;2020-04-20;14580;1037
Sul;PR;2020-04-20;1007;51
Sul;SC;2020-04-20;1025;35
Sul;RS;2020-04-20;889;27
Centro-Oeste;MS;2020-04-20;171;5
Centro-Oeste;MT;2020-04-20;181;6
Centro-Oeste;GO;2020-04-20;403;19
Centro-Oeste;DF;2020-04-20;872;24
EUA;NY;2020-04-20;247543;14347
Norte;RO;2020-04-19;128;4
Norte;AC;2020-04-19;163;6
Norte;AM;2020-04-19;2044;182
Norte;RR;2020-04-19;222;3
Norte;PA;2020-04-19;685;34
Norte;AP;2020-04-19;416;11
Norte;TO;2020-04-19;33;1
Nordeste;MA;2020-04-19;1205;48
Nordeste;PI;2020-04-19;145;10
Nordeste;CE;2020-04-19;3252;186
Nordeste;RN;2020-04-19;531;25
Nordeste;PB;2020-04-19;236;29
Nordeste;PE;2020-04-19;2459;216
Nordeste;AL;2020-04-19;159;15
Nordeste;SE;2020-04-19;83;5
Nordeste;BA;2020-04-19;1230;45
Sudeste;MG;2020-04-19;1154;39
Sudeste;ES;2020-04-19;1099;30
Sudeste;RJ;2020-04-19;4765;402
Sudeste;SP;2020-04-19;14267;1015
Sul;PR;2020-04-19;987;48
Sul;SC;2020-04-19;975;32
Sul;RS;2020-04-19;854;24
Centro-Oeste;MS;2020-04-19;168;5
Centro-Oeste;MT;2020-04-19;174;5
Centro-Oeste;GO;2020-04-19;393;18
Centro-Oeste;DF;2020-04-19;827;24
EUA;NY;2020-04-19;242817;13869
Norte;RO;2020-04-18;110;3
Norte;AC;2020-04-18;142;5
Norte;AM;2020-04-18;1897;161
Norte;RR;2020-04-18;201;3
Norte;PA;2020-04-18;640;33
Norte;AP;2020-04-18;393;10
Norte;TO;2020-04-18;33;1
Nordeste;MA;2020-04-18;1040;44
Nordeste;PI;2020-04-18;123;9
Nordeste;CE;2020-04-18;3034;176
Nordeste;RN;2020-04-18;516;24
Nordeste;PB;2020-04-18;205;26
Nordeste;PE;2020-04-18;2193;205
Nordeste;AL;2020-04-18;132;7
Nordeste;SE;2020-04-18;71;5
Nordeste;BA;2020-04-18;1193;37
Sudeste;MG;2020-04-18;1077;39
Sudeste;ES;2020-04-18;952;28
Sudeste;RJ;2020-04-18;4543;387
Sudeste;SP;2020-04-18;13894;991
Sul;PR;2020-04-18;945;46
Sul;SC;2020-04-18;962;31
Sul;RS;2020-04-18;831;24
Centro-Oeste;MS;2020-04-18;161;5
Centro-Oeste;MT;2020-04-18;171;5
Centro-Oeste;GO;2020-04-18;378;18
Centro-Oeste;DF;2020-04-18;762;24
EUA;NY;2020-04-18;236763;13362
Norte;RO;2020-04-17;92;3
Norte;AC;2020-04-17;135;5
Norte;AM;2020-04-17;1809;145
Norte;RR;2020-04-17;164;3
Norte;PA;2020-04-17;557;26
Norte;AP;2020-04-17;370;10
Norte;TO;2020-04-17;31;1
Nordeste;MA;2020-04-17;797;40
Nordeste;PI;2020-04-17;102;8
Nordeste;CE;2020-04-17;2684;149
Nordeste;RN;2020-04-17;463;23
Nordeste;PB;2020-04-17;195;26
Nordeste;PE;2020-04-17;2006;186
Nordeste;AL;2020-04-17;110;7
Nordeste;SE;2020-04-17;53;4
Nordeste;BA;2020-04-17;1059;36
Sudeste;MG;2020-04-17;1021;35
Sudeste;ES;2020-04-17;856;25
Sudeste;RJ;2020-04-17;4349;341
Sudeste;SP;2020-04-17;12841;928
Sul;PR;2020-04-17;874;42
Sul;SC;2020-04-17;926;30
Sul;RS;2020-04-17;802;22
Centro-Oeste;MS;2020-04-17;143;5
Centro-Oeste;MT;2020-04-17;162;5
Centro-Oeste;GO;2020-04-17;335;16
Centro-Oeste;DF;2020-04-17;746;20
EUA;NY;2020-04-17;229642;12822
Norte;RO;2020-04-16;76;3
Norte;AC;2020-04-16;110;5
Norte;AM;2020-04-16;1719;124
Norte;RR;2020-04-16;142;3
Norte;PA;2020-04-16;438;24
Norte;AP;2020-04-16;362;9
Norte;TO;2020-04-16;29;1
Nordeste;MA;2020-04-16;695;37
Nordeste;PI;2020-04-16;91;8
Nordeste;CE;2020-04-16;2386;124
Nordeste;RN;2020-04-16;400;20
Nordeste;PB;2020-04-16;165;24
Nordeste;PE;2020-04-16;1683;160
Nordeste;AL;2020-04-16;89;5
Nordeste;SE;2020-04-16;48;4
Nordeste;BA;2020-04-16;951;30
Sudeste;MG;2020-04-16;958;33
Sudeste;ES;2020-04-16;754;22
Sudeste;RJ;2020-04-16;3944;300
Sudeste;SP;2020-04-16;11568;853
Sul;PR;2020-04-16;832;41
Sul;SC;2020-04-16;884;29
Sul;RS;2020-04-16;780;19
Centro-Oeste;MS;2020-04-16;131;5
Centro-Oeste;MT;2020-04-16;156;5
Centro-Oeste;GO;2020-04-16;318;16
Centro-Oeste;DF;2020-04-16;716;20
EUA;NY;2020-04-16;222284;12192
Norte;RO;2020-04-15;69;2
Norte;AC;2020-04-15;101;3
Norte;AM;2020-04-15;1554;106
Norte;RR;2020-04-15;114;3
Norte;PA;2020-04-15;384;21
Norte;AP;2020-04-15;334;7
Norte;TO;2020-04-15;26;1
Nordeste;MA;2020-04-15;630;34
Nordeste;PI;2020-04-15;75;8
Nordeste;CE;2020-04-15;2157;116
Nordeste;RN;2020-04-15;399;19
Nordeste;PB;2020-04-15;151;21
Nordeste;PE;2020-04-15;1484;143
Nordeste;AL;2020-04-15;82;5
Nordeste;SE;2020-04-15;46;4
Nordeste;BA;2020-04-15;807;27
Sudeste;MG;2020-04-15;903;30
Sudeste;ES;2020-04-15;557;18
Sudeste;RJ;2020-04-15;3743;265
Sudeste;SP;2020-04-15;11043;778
Sul;PR;2020-04-15;803;38
Sul;SC;2020-04-15;853;28
Sul;RS;2020-04-15;747;19
Centro-Oeste;MS;2020-04-15;121;4
Centro-Oeste;MT;2020-04-15;151;4
Centro-Oeste;GO;2020-04-15;304;15
Centro-Oeste;DF;2020-04-15;682;17
EUA;NY;2020-04-15;213779;11586
Norte;RO;2020-04-14;64;2
Norte;AC;2020-04-14;99;3
Norte;AM;2020-04-14;1484;90
Norte;RR;2020-04-14;113;3
Norte;PA;2020-04-14;323;19
Norte;AP;2020-04-14;307;6
Norte;TO;2020-04-14;26;0
Nordeste;MA;2020-04-14;478;32
Nordeste;PI;2020-04-14;58;8
Nordeste;CE;2020-04-14;2005;107
Nordeste;RN;2020-04-14;376;18
Nordeste;PB;2020-04-14;136;16
Nordeste;PE;2020-04-14;1284;115
Nordeste;AL;2020-04-14;72;4
Nordeste;SE;2020-04-14;45;4
Nordeste;BA;2020-04-14;759;22
Sudeste;MG;2020-04-14;884;27
Sudeste;ES;2020-04-14;463;17
Sudeste;RJ;2020-04-14;3410;224
Sudeste;SP;2020-04-14;9371;695
Sul;PR;2020-04-14;791;36
Sul;SC;2020-04-14;826;26
Sul;RS;2020-04-14;700;18
Centro-Oeste;MS;2020-04-14;115;4
Centro-Oeste;MT;2020-04-14;138;4
Centro-Oeste;GO;2020-04-14;284;15
Centro-Oeste;DF;2020-04-14;651;17
EUA;NY;2020-04-14;202208;10834
Norte;RO;2020-04-13;42;2
Norte;AC;2020-04-13;90;3
Norte;AM;2020-04-13;1275;71
Norte;RR;2020-04-13;83;3
Norte;PA;2020-04-13;270;15
Norte;AP;2020-04-13;242;5
Norte;TO;2020-04-13;26;0
Nordeste;MA;2020-04-13;445;27
Nordeste;PI;2020-04-13;50;8
Nordeste;CE;2020-04-13;1800;91
Nordeste;RN;2020-04-13;339;17
Nordeste;PB;2020-04-13;111;13
Nordeste;PE;2020-04-13;1154;102
Nordeste;AL;2020-04-13;50;3
Nordeste;SE;2020-04-13;44;4
Nordeste;BA;2020-04-13;723;22
Sudeste;MG;2020-04-13;815;23
Sudeste;ES;2020-04-13;430;14
Sudeste;RJ;2020-04-13;3231;188
Sudeste;SP;2020-04-13;8895;608
Sul;PR;2020-04-13;756;31
Sul;SC;2020-04-13;777;24
Sul;RS;2020-04-13;664;16
Centro-Oeste;MS;2020-04-13;113;4
Centro-Oeste;MT;2020-04-13;134;4
Centro-Oeste;GO;2020-04-13;233;15
Centro-Oeste;DF;2020-04-13;638;15
EUA;NY;2020-04-13;195031;10056
Norte;RO;2020-04-12;35;2
Norte;AC;2020-04-12;77;2
Norte;AM;2020-04-12;1206;62
Norte;RR;2020-04-12;79;3
Norte;PA;2020-04-12;246;13
Norte;AP;2020-04-12;230;5
Norte;TO;2020-04-12;25;0
Nordeste;MA;2020-04-12;398;24
Nordeste;PI;2020-04-12;44;7
Nordeste;CE;2020-04-12;1676;74
Nordeste;RN;2020-04-12;302;15
Nordeste;PB;2020-04-12;101;13
Nordeste;PE;2020-04-12;960;85
Nordeste;AL;2020-04-12;48;3
Nordeste;SE;2020-04-12;44;4
Nordeste;BA;2020-04-12;673;21
Sudeste;MG;2020-04-12;806;20
Sudeste;ES;2020-04-12;383;9
Sudeste;RJ;2020-04-12;2855;170
Sudeste;SP;2020-04-12;8755;588
Sul;PR;2020-04-12;738;30
Sul;SC;2020-04-12;768;24
Sul;RS;2020-04-12;653;16
Centro-Oeste;MS;2020-04-12;101;2
Centro-Oeste;MT;2020-04-12;123;3
Centro-Oeste;GO;2020-04-12;229;14
Centro-Oeste;DF;2020-04-12;614;14
EUA;NY;2020-04-12;188694;9385
Norte;RO;2020-04-11;33;2
Norte;AC;2020-04-11;72;2
Norte;AM;2020-04-11;1050;53
Norte;RR;2020-04-11;75;3
Norte;PA;2020-04-11;217;10
Norte;AP;2020-04-11;193;3
Norte;TO;2020-04-11;23;0
Nordeste;MA;2020-04-11;344;21
Nordeste;PI;2020-04-11;41;7
Nordeste;CE;2020-04-11;1582;67
Nordeste;RN;2020-04-11;289;13
Nordeste;PB;2020-04-11;85;11
Nordeste;PE;2020-04-11;816;72
Nordeste;AL;2020-04-11;48;3
Nordeste;SE;2020-04-11;42;4
Nordeste;BA;2020-04-11;635;21
Sudeste;MG;2020-04-11;750;17
Sudeste;ES;2020-04-11;349;9
Sudeste;RJ;2020-04-11;2607;155
Sudeste;SP;2020-04-11;8419;560
Sul;PR;2020-04-11;676;26
Sul;SC;2020-04-11;732;21
Sul;RS;2020-04-11;640;15
Centro-Oeste;MS;2020-04-11;100;2
Centro-Oeste;MT;2020-04-11;121;3
Centro-Oeste;GO;2020-04-11;209;10
Centro-Oeste;DF;2020-04-11;579;14
EUA;NY;2020-04-11;180458;8627
Norte;RO;2020-04-10;32;2
Norte;AC;2020-04-10;70;2
Norte;AM;2020-04-10;981;50
Norte;RR;2020-04-10;63;3
Norte;PA;2020-04-10;170;9
Norte;AP;2020-04-10;166;2
Norte;TO;2020-04-10;23;0
Nordeste;MA;2020-04-10;293;16
Nordeste;PI;2020-04-10;40;7
Nordeste;CE;2020-04-10;1478;58
Nordeste;RN;2020-04-10;263;11
Nordeste;PB;2020-04-10;79;11
Nordeste;PE;2020-04-10;684;65
Nordeste;AL;2020-04-10;45;3
Nordeste;SE;2020-04-10;42;4
Nordeste;BA;2020-04-10;604;19
Sudeste;MG;2020-04-10;698;17
Sudeste;ES;2020-04-10;300;7
Sudeste;RJ;2020-04-10;2464;147
Sudeste;SP;2020-04-10;8216;540
Sul;PR;2020-04-10;643;25
Sul;SC;2020-04-10;693;18
Sul;RS;2020-04-10;636;14
Centro-Oeste;MS;2020-04-10;97;2
Centro-Oeste;MT;2020-04-10;112;2
Centro-Oeste;GO;2020-04-10;191;8
Centro-Oeste;DF;2020-04-10;555;14
EUA;NY;2020-04-10;170512;7844
Norte;RO;2020-04-09;28;2
Norte;AC;2020-04-09;62;2
Norte;AM;2020-04-09;899;40
Norte;RR;2020-04-09;52;1
Norte;PA;2020-04-09;168;7
Norte;AP;2020-04-09;128;2
Norte;TO;2020-04-09;23;0
Nordeste;MA;2020-04-09;273;12
Nordeste;PI;2020-04-09;38;6
Nordeste;CE;2020-04-09;1425;55
Nordeste;RN;2020-04-09;261;11
Nordeste;PB;2020-04-09;55;7
Nordeste;PE;2020-04-09;555;56
Nordeste;AL;2020-04-09;37;3
Nordeste;SE;2020-04-09;39;4
Nordeste;BA;2020-04-09;559;19
Sudeste;MG;2020-04-09;655;15
Sudeste;ES;2020-04-09;273;6
Sudeste;RJ;2020-04-09;2216;122
Sudeste;SP;2020-04-09;7480;496
Sul;PR;2020-04-09;609;22
Sul;SC;2020-04-09;501;17
Sul;RS;2020-04-09;618;12
Centro-Oeste;MS;2020-04-09;89;2
Centro-Oeste;MT;2020-04-09;108;2
Centro-Oeste;GO;2020-04-09;179;7
Centro-Oeste;DF;2020-04-09;527;13
EUA;NY;2020-04-09;159937;7067
Norte;RO;2020-04-08;18;1
Norte;AC;2020-04-08;54;2
Norte;AM;2020-04-08;804;30
Norte;RR;2020-04-08;49;1
Norte;PA;2020-04-08;167;6
Norte;AP;2020-04-08;107;2
Norte;TO;2020-04-08;23;0
Nordeste;MA;2020-04-08;230;11
Nordeste;PI;2020-04-08;31;5
Nordeste;CE;2020-04-08;1291;43
Nordeste;RN;2020-04-08;261;11
Nordeste;PB;2020-04-08;41;4
Nordeste;PE;2020-04-08;401;46
Nordeste;AL;2020-04-08;37;2
Nordeste;SE;2020-04-08;36;4
Nordeste;BA;2020-04-08;497;15
Sudeste;MG;2020-04-08;614;14
Sudeste;ES;2020-04-08;227;6
Sudeste;RJ;2020-04-08;1938;106
Sudeste;SP;2020-04-08;6708;428
Sul;PR;2020-04-08;539;17
Sul;SC;2020-04-08;457;15
Sul;RS;2020-04-08;555;9
Centro-Oeste;MS;2020-04-08;85;2
Centro-Oeste;MT;2020-04-08;90;1
Centro-Oeste;GO;2020-04-08;158;7
Centro-Oeste;DF;2020-04-08;509;12
EUA;NY;2020-04-08;149401;6268
Norte;RO;2020-04-07;18;1
Norte;AC;2020-04-07;50;1
Norte;AM;2020-04-07;636;23
Norte;RR;2020-04-07;42;1
Norte;PA;2020-04-07;138;5
Norte;AP;2020-04-07;48;2
Norte;TO;2020-04-07;19;0
Nordeste;MA;2020-04-07;172;4
Nordeste;PI;2020-04-07;28;4
Nordeste;CE;2020-04-07;1051;31
Nordeste;RN;2020-04-07;254;8
Nordeste;PB;2020-04-07;36;4
Nordeste;PE;2020-04-07;352;34
Nordeste;AL;2020-04-07;32;2
Nordeste;SE;2020-04-07;36;4
Nordeste;BA;2020-04-07;456;12
Sudeste;MG;2020-04-07;559;11
Sudeste;ES;2020-04-07;209;6
Sudeste;RJ;2020-04-07;1688;89
Sudeste;SP;2020-04-07;5682;371
Sul;PR;2020-04-07;503;15
Sul;SC;2020-04-07;417;11
Sul;RS;2020-04-07;508;8
Centro-Oeste;MS;2020-04-07;80;2
Centro-Oeste;MT;2020-04-07;78;1
Centro-Oeste;GO;2020-04-07;133;5
Centro-Oeste;DF;2020-04-07;492;12
EUA;NY;2020-04-07;140081;5563
Norte;RO;2020-04-06;14;1
Norte;AC;2020-04-06;50;0
Norte;AM;2020-04-06;532;19
Norte;RR;2020-04-06;42;1
Norte;PA;2020-04-06;102;3
Norte;AP;2020-04-06;34;2
Norte;TO;2020-04-06;17;0
Nordeste;MA;2020-04-06;133;2
Nordeste;PI;2020-04-06;23;4
Nordeste;CE;2020-04-06;1013;29
Nordeste;RN;2020-04-06;246;7
Nordeste;PB;2020-04-06;35;4
Nordeste;PE;2020-04-06;223;30
Nordeste;AL;2020-04-06;31;2
Nordeste;SE;2020-04-06;32;4
Nordeste;BA;2020-04-06;431;10
Sudeste;MG;2020-04-06;525;9
Sudeste;ES;2020-04-06;194;6
Sudeste;RJ;2020-04-06;1461;71
Sudeste;SP;2020-04-06;4866;304
Sul;PR;2020-04-06;458;11
Sul;SC;2020-04-06;379;10
Sul;RS;2020-04-06;481;7
Centro-Oeste;MS;2020-04-06;66;1
Centro-Oeste;MT;2020-04-06;76;1
Centro-Oeste;GO;2020-04-06;119;5
Centro-Oeste;DF;2020-04-06;473;10
EUA;NY;2020-04-06;130689;4758
Norte;RO;2020-04-05;12;1
Norte;AC;2020-04-05;48;0
Norte;AM;2020-04-05;417;14
Norte;RR;2020-04-05;42;1
Norte;PA;2020-04-05;86;1
Norte;AP;2020-04-05;29;2
Norte;TO;2020-04-05;17;0
Nordeste;MA;2020-04-05;96;2
Nordeste;PI;2020-04-05;23;4
Nordeste;CE;2020-04-05;823;26
Nordeste;RN;2020-04-05;242;7
Nordeste;PB;2020-04-05;34;4
Nordeste;PE;2020-04-05;201;21
Nordeste;AL;2020-04-05;28;2
Nordeste;SE;2020-04-05;32;3
Nordeste;BA;2020-04-05;401;9
Sudeste;MG;2020-04-05;498;6
Sudeste;ES;2020-04-05;166;6
Sudeste;RJ;2020-04-05;1394;64
Sudeste;SP;2020-04-05;4620;275
Sul;PR;2020-04-05;438;9
Sul;SC;2020-04-05;357;10
Sul;RS;2020-04-05;418;7
Centro-Oeste;MS;2020-04-05;65;1
Centro-Oeste;MT;2020-04-05;60;1
Centro-Oeste;GO;2020-04-05;115;3
Centro-Oeste;DF;2020-04-05;468;7
EUA;NY;2020-04-05;122911;4161
Norte;RO;2020-04-04;11;1
Norte;AC;2020-04-04;46;0
Norte;AM;2020-04-04;311;12
Norte;RR;2020-04-04;37;1
Norte;PA;2020-04-04;80;1
Norte;AP;2020-04-04;28;1
Norte;TO;2020-04-04;14;0
Nordeste;MA;2020-04-04;88;1
Nordeste;PI;2020-04-04;22;4
Nordeste;CE;2020-04-04;730;22
Nordeste;RN;2020-04-04;212;5
Nordeste;PB;2020-04-04;32;2
Nordeste;PE;2020-04-04;176;14
Nordeste;AL;2020-04-04;23;2
Nordeste;SE;2020-04-04;27;2
Nordeste;BA;2020-04-04;332;7
Sudeste;MG;2020-04-04;430;6
Sudeste;ES;2020-04-04;153;5
Sudeste;RJ;2020-04-04;1246;58
Sudeste;SP;2020-04-04;4466;260
Sul;PR;2020-04-04;395;6
Sul;SC;2020-04-04;334;5
Sul;RS;2020-04-04;410;6
Centro-Oeste;MS;2020-04-04;62;1
Centro-Oeste;MT;2020-04-04;56;1
Centro-Oeste;GO;2020-04-04;103;2
Centro-Oeste;DF;2020-04-04;454;7
EUA;NY;2020-04-04;114996;3568
Norte;RO;2020-04-03;10;1
Norte;AC;2020-04-03;46;0
Norte;AM;2020-04-03;260;7
Norte;RR;2020-04-03;30;0
Norte;PA;2020-04-03;50;1
Norte;AP;2020-04-03;19;0
Norte;TO;2020-04-03;12;0
Nordeste;MA;2020-04-03;81;1
Nordeste;PI;2020-04-03;21;4
Nordeste;CE;2020-04-03;627;22
Nordeste;RN;2020-04-03;176;4
Nordeste;PB;2020-04-03;29;1
Nordeste;PE;2020-04-03;136;10
Nordeste;AL;2020-04-03;22;2
Nordeste;SE;2020-04-03;25;2
Nordeste;BA;2020-04-03;282;5
Sudeste;MG;2020-04-03;397;6
Sudeste;ES;2020-04-03;139;4
Sudeste;RJ;2020-04-03;1074;47
Sudeste;SP;2020-04-03;4048;219
Sul;PR;2020-04-03;301;4
Sul;SC;2020-04-03;281;5
Sul;RS;2020-04-03;396;5
Centro-Oeste;MS;2020-04-03;60;1
Centro-Oeste;MT;2020-04-03;44;1
Centro-Oeste;GO;2020-04-03;88;2
Centro-Oeste;DF;2020-04-03;402;5
EUA;NY;2020-04-03;102870;2935
Norte;RO;2020-04-02;10;1
Norte;AC;2020-04-02;43;0
Norte;AM;2020-04-02;229;3
Norte;RR;2020-04-02;26;0
Norte;PA;2020-04-02;46;1
Norte;AP;2020-04-02;11;0
Norte;TO;2020-04-02;12;0
Nordeste;MA;2020-04-02;71;1
Nordeste;PI;2020-04-02;19;4
Nordeste;CE;2020-04-02;550;20
Nordeste;RN;2020-04-02;105;2
Nordeste;PB;2020-04-02;21;1
Nordeste;PE;2020-04-02;106;9
Nordeste;AL;2020-04-02;18;1
Nordeste;SE;2020-04-02;23;2
Nordeste;BA;2020-04-02;267;3
Sudeste;MG;2020-04-02;370;4
Sudeste;ES;2020-04-02;120;1
Sudeste;RJ;2020-04-02;992;41
Sudeste;SP;2020-04-02;3506;188
Sul;PR;2020-04-02;252;4
Sul;SC;2020-04-02;247;2
Sul;RS;2020-04-02;334;5
Centro-Oeste;MS;2020-04-02;53;1
Centro-Oeste;MT;2020-04-02;36;0
Centro-Oeste;GO;2020-04-02;73;1
Centro-Oeste;DF;2020-04-02;370;4
EUA;NY;2020-04-02;92381;2373
Norte;RO;2020-04-01;9;1
Norte;AC;2020-04-01;43;0
Norte;AM;2020-04-01;200;3
Norte;RR;2020-04-01;22;0
Norte;PA;2020-04-01;40;1
Norte;AP;2020-04-01;11;0
Norte;TO;2020-04-01;12;0
Nordeste;MA;2020-04-01;52;1
Nordeste;PI;2020-04-01;18;4
Nordeste;CE;2020-04-01;444;8
Nordeste;RN;2020-04-01;92;2
Nordeste;PB;2020-04-01;20;1
Nordeste;PE;2020-04-01;95;8
Nordeste;AL;2020-04-01;18;1
Nordeste;SE;2020-04-01;20;0
Nordeste;BA;2020-04-01;246;2
Sudeste;MG;2020-04-01;314;3
Sudeste;ES;2020-04-01;96;0
Sudeste;RJ;2020-04-01;832;28
Sudeste;SP;2020-04-01;2981;164
Sul;PR;2020-04-01;224;3
Sul;SC;2020-04-01;235;2
Sul;RS;2020-04-01;306;4
Centro-Oeste;MS;2020-04-01;51;1
Centro-Oeste;MT;2020-04-01;27;0
Centro-Oeste;GO;2020-04-01;71;1
Centro-Oeste;DF;2020-04-01;355;3
EUA;NY;2020-04-01;83889;1941
Norte;RO;2020-03-31;8;1
Norte;AC;2020-03-31;42;0
Norte;AM;2020-03-31;175;3
Norte;RR;2020-03-31;16;0
Norte;PA;2020-03-31;32;0
Norte;AP;2020-03-31;10;0
Norte;TO;2020-03-31;11;0
Nordeste;MA;2020-03-31;31;1
Nordeste;PI;2020-03-31;18;4
Nordeste;CE;2020-03-31;390;7
Nordeste;RN;2020-03-31;82;1
Nordeste;PB;2020-03-31;17;0
Nordeste;PE;2020-03-31;87;6
Nordeste;AL;2020-03-31;18;1
Nordeste;SE;2020-03-31;19;0
Nordeste;BA;2020-03-31;213;2
Sudeste;MG;2020-03-31;275;2
Sudeste;ES;2020-03-31;84;0
Sudeste;RJ;2020-03-31;708;23
Sudeste;SP;2020-03-31;2339;136
Sul;PR;2020-03-31;179;3
Sul;SC;2020-03-31;219;2
Sul;RS;2020-03-31;274;4
Centro-Oeste;MS;2020-03-31;48;1
Centro-Oeste;MT;2020-03-31;25;0
Centro-Oeste;GO;2020-03-31;65;1
Centro-Oeste;DF;2020-03-31;332;3
EUA;NY;2020-03-31;75832;1550
Norte;RO;2020-03-30;6;0
Norte;AC;2020-03-30;42;0
Norte;AM;2020-03-30;151;1
Norte;RR;2020-03-30;16;0
Norte;PA;2020-03-30;21;0
Norte;AP;2020-03-30;8;0
Norte;TO;2020-03-30;10;0
Nordeste;MA;2020-03-30;23;1
Nordeste;PI;2020-03-30;16;3
Nordeste;CE;2020-03-30;372;5
Nordeste;RN;2020-03-30;77;1
Nordeste;PB;2020-03-30;15;0
Nordeste;PE;2020-03-30;78;6
Nordeste;AL;2020-03-30;17;0
Nordeste;SE;2020-03-30;16;0
Nordeste;BA;2020-03-30;176;1
Sudeste;MG;2020-03-30;261;1
Sudeste;ES;2020-03-30;72;0
Sudeste;RJ;2020-03-30;657;18
Sudeste;SP;2020-03-30;1517;113
Sul;PR;2020-03-30;155;3
Sul;SC;2020-03-30;197;1
Sul;RS;2020-03-30;241;3
Centro-Oeste;MS;2020-03-30;44;0
Centro-Oeste;MT;2020-03-30;18;0
Centro-Oeste;GO;2020-03-30;61;1
Centro-Oeste;DF;2020-03-30;312;1
EUA;NY;2020-03-30;67174;1224
Norte;RO;2020-03-29;6;0
Norte;AC;2020-03-29;34;0
Norte;AM;2020-03-29;140;1
Norte;RR;2020-03-29;16;0
Norte;PA;2020-03-29;18;0
Norte;AP;2020-03-29;4;0
Norte;TO;2020-03-29;9;0
Nordeste;MA;2020-03-29;16;0
Nordeste;PI;2020-03-29;14;1
Nordeste;CE;2020-03-29;348;5
Nordeste;RN;2020-03-29;68;1
Nordeste;PB;2020-03-29;14;0
Nordeste;PE;2020-03-29;73;5
Nordeste;AL;2020-03-29;17;0
Nordeste;SE;2020-03-29;16;0
Nordeste;BA;2020-03-29;154;1
Sudeste;MG;2020-03-29;231;0
Sudeste;ES;2020-03-29;60;0
Sudeste;RJ;2020-03-29;600;17
Sudeste;SP;2020-03-29;1451;98
Sul;PR;2020-03-29;148;2
Sul;SC;2020-03-29;194;1
Sul;RS;2020-03-29;226;2
Centro-Oeste;MS;2020-03-29;36;0
Centro-Oeste;MT;2020-03-29;16;0
Centro-Oeste;GO;2020-03-29;58;1
Centro-Oeste;DF;2020-03-29;289;1
EUA;NY;2020-03-29;59568;965
Norte;RO;2020-03-28;6;0
Norte;AC;2020-03-28;25;0
Norte;AM;2020-03-28;111;1
Norte;RR;2020-03-28;12;0
Norte;PA;2020-03-28;17;0
Norte;AP;2020-03-28;4;0
Norte;TO;2020-03-28;9;0
Nordeste;MA;2020-03-28;14;0
Nordeste;PI;2020-03-28;11;1
Nordeste;CE;2020-03-28;314;4
Nordeste;RN;2020-03-28;45;0
Nordeste;PB;2020-03-28;14;0
Nordeste;PE;2020-03-28;68;5
Nordeste;AL;2020-03-28;14;0
Nordeste;SE;2020-03-28;16;0
Nordeste;BA;2020-03-28;127;0
Sudeste;MG;2020-03-28;205;0
Sudeste;ES;2020-03-28;53;0
Sudeste;RJ;2020-03-28;558;13
Sudeste;SP;2020-03-28;1406;84
Sul;PR;2020-03-28;133;2
Sul;SC;2020-03-28;184;1
Sul;RS;2020-03-28;197;2
Centro-Oeste;MS;2020-03-28;31;0
Centro-Oeste;MT;2020-03-28;13;0
Centro-Oeste;GO;2020-03-28;56;1
Centro-Oeste;DF;2020-03-28;260;0
EUA;NY;2020-03-28;53363;782
Norte;RO;2020-03-27;6;0
Norte;AC;2020-03-27;25;0
Norte;AM;2020-03-27;81;1
Norte;RR;2020-03-27;10;0
Norte;PA;2020-03-27;13;0
Norte;AP;2020-03-27;2;0
Norte;TO;2020-03-27;8;0
Nordeste;MA;2020-03-27;13;0
Nordeste;PI;2020-03-27;9;0
Nordeste;CE;2020-03-27;282;3
Nordeste;RN;2020-03-27;28;0
Nordeste;PB;2020-03-27;9;0
Nordeste;PE;2020-03-27;56;4
Nordeste;AL;2020-03-27;11;0
Nordeste;SE;2020-03-27;16;0
Nordeste;BA;2020-03-27;115;0
Sudeste;MG;2020-03-27;189;0
Sudeste;ES;2020-03-27;47;0
Sudeste;RJ;2020-03-27;493;10
Sudeste;SP;2020-03-27;1223;68
Sul;PR;2020-03-27;119;2
Sul;SC;2020-03-27;149;1
Sul;RS;2020-03-27;195;2
Centro-Oeste;MS;2020-03-27;28;0
Centro-Oeste;MT;2020-03-27;11;0
Centro-Oeste;GO;2020-03-27;49;1
Centro-Oeste;DF;2020-03-27;230;0
EUA;NY;2020-03-27;44635;535
Norte;RO;2020-03-26;5;0
Norte;AC;2020-03-26;24;0
Norte;AM;2020-03-26;67;1
Norte;RR;2020-03-26;8;0
Norte;PA;2020-03-26;13;0
Norte;AP;2020-03-26;2;0
Norte;TO;2020-03-26;7;0
Nordeste;MA;2020-03-26;10;0
Nordeste;PI;2020-03-26;9;0
Nordeste;CE;2020-03-26;235;3
Nordeste;RN;2020-03-26;19;0
Nordeste;PB;2020-03-26;5;0
Nordeste;PE;2020-03-26;48;3
Nordeste;AL;2020-03-26;11;0
Nordeste;SE;2020-03-26;16;0
Nordeste;BA;2020-03-26;104;0
Sudeste;MG;2020-03-26;153;0
Sudeste;ES;2020-03-26;39;0
Sudeste;RJ;2020-03-26;421;9
Sudeste;SP;2020-03-26;1052;58
Sul;PR;2020-03-26;102;0
Sul;SC;2020-03-26;122;1
Sul;RS;2020-03-26;168;1
Centro-Oeste;MS;2020-03-26;25;0
Centro-Oeste;MT;2020-03-26;11;0
Centro-Oeste;GO;2020-03-26;39;1
Centro-Oeste;DF;2020-03-26;200;0
EUA;NY;2020-03-26;38987;432
Norte;RO;2020-03-25;5;0
Norte;AC;2020-03-25;23;0
Norte;AM;2020-03-25;54;1
Norte;RR;2020-03-25;8;0
Norte;PA;2020-03-25;7;0
Norte;AP;2020-03-25;1;0
Norte;TO;2020-03-25;7;0
Nordeste;MA;2020-03-25;8;0
Nordeste;PI;2020-03-25;8;0
Nordeste;CE;2020-03-25;200;0
Nordeste;RN;2020-03-25;14;0
Nordeste;PB;2020-03-25;3;0
Nordeste;PE;2020-03-25;46;1
Nordeste;AL;2020-03-25;11;0
Nordeste;SE;2020-03-25;16;0
Nordeste;BA;2020-03-25;84;0
Sudeste;MG;2020-03-25;133;0
Sudeste;ES;2020-03-25;39;0
Sudeste;RJ;2020-03-25;370;6
Sudeste;SP;2020-03-25;862;48
Sul;PR;2020-03-25;81;0
Sul;SC;2020-03-25;109;0
Sul;RS;2020-03-25;123;1
Centro-Oeste;MS;2020-03-25;24;0
Centro-Oeste;MT;2020-03-25;8;0
Centro-Oeste;GO;2020-03-25;29;0
Centro-Oeste;DF;2020-03-25;160;0
EUA;NY;2020-03-25;33066;325
Norte;RO;2020-03-24;3;0
Norte;AC;2020-03-24;17;0
Norte;AM;2020-03-24;47;0
Norte;RR;2020-03-24;2;0
Norte;PA;2020-03-24;5;0
Norte;AP;2020-03-24;1;0
Norte;TO;2020-03-24;7;0
Nordeste;MA;2020-03-24;8;0
Nordeste;PI;2020-03-24;6;0
Nordeste;CE;2020-03-24;182;0
Nordeste;RN;2020-03-24;13;0
Nordeste;PB;2020-03-24;3;0
Nordeste;PE;2020-03-24;42;0
Nordeste;AL;2020-03-24;9;0
Nordeste;SE;2020-03-24;15;0
Nordeste;BA;2020-03-24;76;0
Sudeste;MG;2020-03-24;130;0
Sudeste;ES;2020-03-24;33;0
Sudeste;RJ;2020-03-24;305;6
Sudeste;SP;2020-03-24;810;40
Sul;PR;2020-03-24;65;0
Sul;SC;2020-03-24;107;0
Sul;RS;2020-03-24;98;0
Centro-Oeste;MS;2020-03-24;23;0
Centro-Oeste;MT;2020-03-24;7;0
Centro-Oeste;GO;2020-03-24;27;0
Centro-Oeste;DF;2020-03-24;160;0
EUA;NY;2020-03-24;25665;218
Norte;RO;2020-03-23;3;0
Norte;AC;2020-03-23;11;0
Norte;AM;2020-03-23;32;0
Norte;RR;2020-03-23;2;0
Norte;PA;2020-03-23;5;0
Norte;AP;2020-03-23;1;0
Norte;TO;2020-03-23;5;0
Nordeste;MA;2020-03-23;2;0
Nordeste;PI;2020-03-23;6;0
Nordeste;CE;2020-03-23;163;0
Nordeste;RN;2020-03-23;13;0
Nordeste;PB;2020-03-23;2;0
Nordeste;PE;2020-03-23;42;0
Nordeste;AL;2020-03-23;7;0
Nordeste;SE;2020-03-23;10;0
Nordeste;BA;2020-03-23;63;0
Sudeste;MG;2020-03-23;128;0
Sudeste;ES;2020-03-23;29;0
Sudeste;RJ;2020-03-23;233;4
Sudeste;SP;2020-03-23;745;30
Sul;PR;2020-03-23;56;0
Sul;SC;2020-03-23;68;0
Sul;RS;2020-03-23;86;0
Centro-Oeste;MS;2020-03-23;21;0
Centro-Oeste;MT;2020-03-23;2;0
Centro-Oeste;GO;2020-03-23;23;0
Centro-Oeste;DF;2020-03-23;133;0
EUA;NY;2020-03-23;20875;159
Norte;RO;2020-03-22;3;0
Norte;AC;2020-03-22;11;0
Norte;AM;2020-03-22;26;0
Norte;RR;2020-03-22;2;0
Norte;PA;2020-03-22;4;0
Norte;AP;2020-03-22;1;0
Norte;TO;2020-03-22;2;0
Nordeste;MA;2020-03-22;2;0
Nordeste;PI;2020-03-22;4;0
Nordeste;CE;2020-03-22;112;0
Nordeste;RN;2020-03-22;9;0
Nordeste;PB;2020-03-22;1;0
Nordeste;PE;2020-03-22;37;0
Nordeste;AL;2020-03-22;7;0
Nordeste;SE;2020-03-22;10;0
Nordeste;BA;2020-03-22;49;0
Sudeste;MG;2020-03-22;83;0
Sudeste;ES;2020-03-22;26;0
Sudeste;RJ;2020-03-22;186;3
Sudeste;SP;2020-03-22;631;22
Sul;PR;2020-03-22;50;0
Sul;SC;2020-03-22;57;0
Sul;RS;2020-03-22;72;0
Centro-Oeste;MS;2020-03-22;21;0
Centro-Oeste;MT;2020-03-22;2;0
Centro-Oeste;GO;2020-03-22;21;0
Centro-Oeste;DF;2020-03-22;117;0
EUA;NY;2020-03-22;15168;122
Norte;RO;2020-03-21;1;0
Norte;AC;2020-03-21;9;0
Norte;AM;2020-03-21;11;0
Norte;RR;2020-03-21;0;0
Norte;PA;2020-03-21;2;0
Norte;AP;2020-03-21;1;0
Norte;TO;2020-03-21;2;0
Nordeste;MA;2020-03-21;1;0
Nordeste;PI;2020-03-21;4;0
Nordeste;CE;2020-03-21;68;0
Nordeste;RN;2020-03-21;6;0
Nordeste;PB;2020-03-21;1;0
Nordeste;PE;2020-03-21;30;0
Nordeste;AL;2020-03-21;7;0
Nordeste;SE;2020-03-21;10;0
Nordeste;BA;2020-03-21;41;0
Sudeste;MG;2020-03-21;38;0
Sudeste;ES;2020-03-21;26;0
Sudeste;RJ;2020-03-21;119;3
Sudeste;SP;2020-03-21;459;15
Sul;PR;2020-03-21;43;0
Sul;SC;2020-03-21;51;0
Sul;RS;2020-03-21;60;0
Centro-Oeste;MS;2020-03-21;16;0
Centro-Oeste;MT;2020-03-21;2;0
Centro-Oeste;GO;2020-03-21;20;0
Centro-Oeste;DF;2020-03-21;100;0
EUA;NY;2020-03-21;10356;80
Norte;RO;2020-03-20;1;0
Norte;AC;2020-03-20;7;0
Norte;AM;2020-03-20;3;0
Norte;RR;2020-03-20;0;0
Norte;PA;2020-03-20;2;0
Norte;AP;2020-03-20;1;0
Norte;TO;2020-03-20;1;0
Nordeste;MA;2020-03-20;0;0
Nordeste;PI;2020-03-20;3;0
Nordeste;CE;2020-03-20;55;0
Nordeste;RN;2020-03-20;1;0
Nordeste;PB;2020-03-20;1;0
Nordeste;PE;2020-03-20;30;0
Nordeste;AL;2020-03-20;5;0
Nordeste;SE;2020-03-20;6;0
Nordeste;BA;2020-03-20;33;0
Sudeste;MG;2020-03-20;35;0
Sudeste;ES;2020-03-20;13;0
Sudeste;RJ;2020-03-20;109;2
Sudeste;SP;2020-03-20;396;9
Sul;PR;2020-03-20;32;0
Sul;SC;2020-03-20;21;0
Sul;RS;2020-03-20;37;0
Centro-Oeste;MS;2020-03-20;9;0
Centro-Oeste;MT;2020-03-20;1;0
Centro-Oeste;GO;2020-03-20;15;0
Centro-Oeste;DF;2020-03-20;87;0
EUA;NY;2020-03-20;7102;57
Norte;RO;2020-03-19;0;0
Norte;AC;2020-03-19;3;0
Norte;AM;2020-03-19;3;0
Norte;RR;2020-03-19;0;0
Norte;PA;2020-03-19;1;0
Norte;AP;2020-03-19;0;0
Norte;TO;2020-03-19;1;0
Nordeste;MA;2020-03-19;0;0
Nordeste;PI;2020-03-19;0;0
Nordeste;CE;2020-03-19;20;0
Nordeste;RN;2020-03-19;1;0
Nordeste;PB;2020-03-19;1;0
Nordeste;PE;2020-03-19;28;0
Nordeste;AL;2020-03-19;4;0
Nordeste;SE;2020-03-19;6;0
Nordeste;BA;2020-03-19;30;0
Sudeste;MG;2020-03-19;29;0
Sudeste;ES;2020-03-19;11;0
Sudeste;RJ;2020-03-19;65;2
Sudeste;SP;2020-03-19;286;4
Sul;PR;2020-03-19;23;0
Sul;SC;2020-03-19;20;0
Sul;RS;2020-03-19;28;0
Centro-Oeste;MS;2020-03-19;7;0
Centro-Oeste;MT;2020-03-19;0;0
Centro-Oeste;GO;2020-03-19;12;0
Centro-Oeste;DF;2020-03-19;42;0
EUA;NY;2020-03-19;4152;30
Norte;RO;2020-03-18;0;0
Norte;AC;2020-03-18;0;0
Norte;AM;2020-03-18;1;0
Norte;RR;2020-03-18;0;0
Norte;PA;2020-03-18;0;0
Norte;AP;2020-03-18;0;0
Norte;TO;2020-03-18;0;0
Nordeste;MA;2020-03-18;0;0
Nordeste;PI;2020-03-18;0;0
Nordeste;CE;2020-03-18;9;0
Nordeste;RN;2020-03-18;1;0
Nordeste;PB;2020-03-18;0;0
Nordeste;PE;2020-03-18;16;0
Nordeste;AL;2020-03-18;1;0
Nordeste;SE;2020-03-18;5;0
Nordeste;BA;2020-03-18;3;0
Sudeste;MG;2020-03-18;15;0
Sudeste;ES;2020-03-18;9;0
Sudeste;RJ;2020-03-18;45;0
Sudeste;SP;2020-03-18;240;4
Sul;PR;2020-03-18;13;0
Sul;SC;2020-03-18;10;0
Sul;RS;2020-03-18;19;0
Centro-Oeste;MS;2020-03-18;7;0
Centro-Oeste;MT;2020-03-18;0;0
Centro-Oeste;GO;2020-03-18;8;0
Centro-Oeste;DF;2020-03-18;26;0
EUA;NY;2020-03-18;2382;27
Norte;RO;2020-03-17;0;0
Norte;AC;2020-03-17;0;0
Norte;AM;2020-03-17;1;0
Norte;RR;2020-03-17;0;0
Norte;PA;2020-03-17;0;0
Norte;AP;2020-03-17;0;0
Norte;TO;2020-03-17;0;0
Nordeste;MA;2020-03-17;0;0
Nordeste;PI;2020-03-17;0;0
Nordeste;CE;2020-03-17;5;0
Nordeste;RN;2020-03-17;1;0
Nordeste;PB;2020-03-17;0;0
Nordeste;PE;2020-03-17;16;0
Nordeste;AL;2020-03-17;1;0
Nordeste;SE;2020-03-17;4;0
Nordeste;BA;2020-03-17;3;0
Sudeste;MG;2020-03-17;7;0
Sudeste;ES;2020-03-17;1;0
Sudeste;RJ;2020-03-17;33;0
Sudeste;SP;2020-03-17;164;1
Sul;PR;2020-03-17;6;0
Sul;SC;2020-03-17;7;0
Sul;RS;2020-03-17;10;0
Centro-Oeste;MS;2020-03-17;4;0
Centro-Oeste;MT;2020-03-17;0;0
Centro-Oeste;GO;2020-03-17;6;0
Centro-Oeste;DF;2020-03-17;22;0
EUA;NY;2020-03-17;1374;17
Norte;RO;2020-03-16;0;0
Norte;AC;2020-03-16;0;0
Norte;AM;2020-03-16;1;0
Norte;RR;2020-03-16;0;0
Norte;PA;2020-03-16;0;0
Norte;AP;2020-03-16;0;0
Norte;TO;2020-03-16;0;0
Nordeste;MA;2020-03-16;0;0
Nordeste;PI;2020-03-16;0;0
Nordeste;CE;2020-03-16;0;0
Nordeste;RN;2020-03-16;1;0
Nordeste;PB;2020-03-16;0;0
Nordeste;PE;2020-03-16;2;0
Nordeste;AL;2020-03-16;1;0
Nordeste;SE;2020-03-16;1;0
Nordeste;BA;2020-03-16;2;0
Sudeste;MG;2020-03-16;5;0
Sudeste;ES;2020-03-16;1;0
Sudeste;RJ;2020-03-16;31;0
Sudeste;SP;2020-03-16;152;0
Sul;PR;2020-03-16;6;0
Sul;SC;2020-03-16;7;0
Sul;RS;2020-03-16;6;0
Centro-Oeste;MS;2020-03-16;2;0
Centro-Oeste;MT;2020-03-16;0;0
Centro-Oeste;GO;2020-03-16;3;0
Centro-Oeste;DF;2020-03-16;13;0
EUA;NY;2020-03-16;950;10
Norte;RO;2020-03-15;0;0
Norte;AC;2020-03-15;0;0
Norte;AM;2020-03-15;1;0
Norte;RR;2020-03-15;0;0
Norte;PA;2020-03-15;0;0
Norte;AP;2020-03-15;0;0
Norte;TO;2020-03-15;0;0
Nordeste;MA;2020-03-15;0;0
Nordeste;PI;2020-03-15;0;0
Nordeste;CE;2020-03-15;0;0
Nordeste;RN;2020-03-15;1;0
Nordeste;PB;2020-03-15;0;0
Nordeste;PE;2020-03-15;2;0
Nordeste;AL;2020-03-15;1;0
Nordeste;SE;2020-03-15;1;0
Nordeste;BA;2020-03-15;2;0
Sudeste;MG;2020-03-15;2;0
Sudeste;ES;2020-03-15;1;0
Sudeste;RJ;2020-03-15;24;0
Sudeste;SP;2020-03-15;136;0
Sul;PR;2020-03-15;6;0
Sul;SC;2020-03-15;6;0
Sul;RS;2020-03-15;6;0
Centro-Oeste;MS;2020-03-15;0;0
Centro-Oeste;MT;2020-03-15;0;0
Centro-Oeste;GO;2020-03-15;3;0
Centro-Oeste;DF;2020-03-15;8;0
EUA;NY;2020-03-15;732;6
Norte;RO;2020-03-14;0;0
Norte;AC;2020-03-14;0;0
Norte;AM;2020-03-14;0;0
Norte;RR;2020-03-14;0;0
Norte;PA;2020-03-14;0;0
Norte;AP;2020-03-14;0;0
Norte;TO;2020-03-14;0;0
Nordeste;MA;2020-03-14;0;0
Nordeste;PI;2020-03-14;0;0
Nordeste;CE;2020-03-14;0;0
Nordeste;RN;2020-03-14;1;0
Nordeste;PB;2020-03-14;0;0
Nordeste;PE;2020-03-14;2;0
Nordeste;AL;2020-03-14;1;0
Nordeste;SE;2020-03-14;0;0
Nordeste;BA;2020-03-14;2;0
Sudeste;MG;2020-03-14;2;0
Sudeste;ES;2020-03-14;1;0
Sudeste;RJ;2020-03-14;22;0
Sudeste;SP;2020-03-14;65;0
Sul;PR;2020-03-14;6;0
Sul;SC;2020-03-14;4;0
Sul;RS;2020-03-14;6;0
Centro-Oeste;MS;2020-03-14;0;0
Centro-Oeste;MT;2020-03-14;0;0
Centro-Oeste;GO;2020-03-14;3;0
Centro-Oeste;DF;2020-03-14;6;0
EUA;NY;2020-03-14;610;2
Norte;RO;2020-03-13;0;0
Norte;AC;2020-03-13;0;0
Norte;AM;2020-03-13;0;0
Norte;RR;2020-03-13;0;0
Norte;PA;2020-03-13;0;0
Norte;AP;2020-03-13;0;0
Norte;TO;2020-03-13;0;0
Nordeste;MA;2020-03-13;0;0
Nordeste;PI;2020-03-13;0;0
Nordeste;CE;2020-03-13;0;0
Nordeste;RN;2020-03-13;1;0
Nordeste;PB;2020-03-13;0;0
Nordeste;PE;2020-03-13;2;0
Nordeste;AL;2020-03-13;1;0
Nordeste;SE;2020-03-13;0;0
Nordeste;BA;2020-03-13;2;0
Sudeste;MG;2020-03-13;2;0
Sudeste;ES;2020-03-13;1;0
Sudeste;RJ;2020-03-13;16;0
Sudeste;SP;2020-03-13;56;0
Sul;PR;2020-03-13;6;0
Sul;SC;2020-03-13;2;0
Sul;RS;2020-03-13;4;0
Centro-Oeste;MS;2020-03-13;0;0
Centro-Oeste;MT;2020-03-13;0;0
Centro-Oeste;GO;2020-03-13;3;0
Centro-Oeste;DF;2020-03-13;2;0
EUA;NY;2020-03-13;421;0
Norte;RO;2020-03-12;0;0
Norte;AC;2020-03-12;0;0
Norte;AM;2020-03-12;0;0
Norte;RR;2020-03-12;0;0
Norte;PA;2020-03-12;0;0
Norte;AP;2020-03-12;0;0
Norte;TO;2020-03-12;0;0
Nordeste;MA;2020-03-12;0;0
Nordeste;PI;2020-03-12;0;0
Nordeste;CE;2020-03-12;0;0
Nordeste;RN;2020-03-12;0;0
Nordeste;PB;2020-03-12;0;0
Nordeste;PE;2020-03-12;2;0
Nordeste;AL;2020-03-12;1;0
Nordeste;SE;2020-03-12;0;0
Nordeste;BA;2020-03-12;2;0
Sudeste;MG;2020-03-12;1;0
Sudeste;ES;2020-03-12;1;0
Sudeste;RJ;2020-03-12;16;0
Sudeste;SP;2020-03-12;42;0
Sul;PR;2020-03-12;6;0
Sul;SC;2020-03-12;0;0
Sul;RS;2020-03-12;4;0
Centro-Oeste;MS;2020-03-12;0;0
Centro-Oeste;MT;2020-03-12;0;0
Centro-Oeste;GO;2020-03-12;0;0
Centro-Oeste;DF;2020-03-12;2;0
EUA;NY;2020-03-12;326;0
Norte;RO;2020-03-11;0;0
Norte;AC;2020-03-11;0;0
Norte;AM;2020-03-11;0;0
Norte;RR;2020-03-11;0;0
Norte;PA;2020-03-11;0;0
Norte;AP;2020-03-11;0;0
Norte;TO;2020-03-11;0;0
Nordeste;MA;2020-03-11;0;0
Nordeste;PI;2020-03-11;0;0
Nordeste;CE;2020-03-11;0;0
Nordeste;RN;2020-03-11;0;0
Nordeste;PB;2020-03-11;0;0
Nordeste;PE;2020-03-11;0;0
Nordeste;AL;2020-03-11;1;0
Nordeste;SE;2020-03-11;0;0
Nordeste;BA;2020-03-11;2;0
Sudeste;MG;2020-03-11;1;0
Sudeste;ES;2020-03-11;1;0
Sudeste;RJ;2020-03-11;13;0
Sudeste;SP;2020-03-11;30;0
Sul;PR;2020-03-11;0;0
Sul;SC;2020-03-11;0;0
Sul;RS;2020-03-11;2;0
Centro-Oeste;MS;2020-03-11;0;0
Centro-Oeste;MT;2020-03-11;0;0
Centro-Oeste;GO;2020-03-11;0;0
Centro-Oeste;DF;2020-03-11;2;0
EUA;NY;2020-03-11;217;0
Norte;RO;2020-03-10;0;0
Norte;AC;2020-03-10;0;0
Norte;AM;2020-03-10;0;0
Norte;RR;2020-03-10;0;0
Norte;PA;2020-03-10;0;0
Norte;AP;2020-03-10;0;0
Norte;TO;2020-03-10;0;0
Nordeste;MA;2020-03-10;0;0
Nordeste;PI;2020-03-10;0;0
Nordeste;CE;2020-03-10;0;0
Nordeste;RN;2020-03-10;0;0
Nordeste;PB;2020-03-10;0;0
Nordeste;PE;2020-03-10;0;0
Nordeste;AL;2020-03-10;1;0
Nordeste;SE;2020-03-10;0;0
Nordeste;BA;2020-03-10;2;0
Sudeste;MG;2020-03-10;1;0
Sudeste;ES;2020-03-10;1;0
Sudeste;RJ;2020-03-10;8;0
Sudeste;SP;2020-03-10;19;0
Sul;PR;2020-03-10;0;0
Sul;SC;2020-03-10;0;0
Sul;RS;2020-03-10;1;0
Centro-Oeste;MS;2020-03-10;0;0
Centro-Oeste;MT;2020-03-10;0;0
Centro-Oeste;GO;2020-03-10;0;0
Centro-Oeste;DF;2020-03-10;1;0
EUA;NY;2020-03-10;173;0
Norte;RO;2020-03-09;0;0
Norte;AC;2020-03-09;0;0
Norte;AM;2020-03-09;0;0
Norte;RR;2020-03-09;0;0
Norte;PA;2020-03-09;0;0
Norte;AP;2020-03-09;0;0
Norte;TO;2020-03-09;0;0
Nordeste;MA;2020-03-09;0;0
Nordeste;PI;2020-03-09;0;0
Nordeste;CE;2020-03-09;0;0
Nordeste;RN;2020-03-09;0;0
Nordeste;PB;2020-03-09;0;0
Nordeste;PE;2020-03-09;0;0
Nordeste;AL;2020-03-09;1;0
Nordeste;SE;2020-03-09;0;0
Nordeste;BA;2020-03-09;2;0
Sudeste;MG;2020-03-09;1;0
Sudeste;ES;2020-03-09;1;0
Sudeste;RJ;2020-03-09;3;0
Sudeste;SP;2020-03-09;16;0
Sul;PR;2020-03-09;0;0
Sul;SC;2020-03-09;0;0
Sul;RS;2020-03-09;0;0
Centro-Oeste;MS;2020-03-09;0;0
Centro-Oeste;MT;2020-03-09;0;0
Centro-Oeste;GO;2020-03-09;0;0
Centro-Oeste;DF;2020-03-09;1;0
EUA;NY;2020-03-09;142;0
Norte;RO;2020-03-08;0;0
Norte;AC;2020-03-08;0;0
Norte;AM;2020-03-08;0;0
Norte;RR;2020-03-08;0;0
Norte;PA;2020-03-08;0;0
Norte;AP;2020-03-08;0;0
Norte;TO;2020-03-08;0;0
Nordeste;MA;2020-03-08;0;0
Nordeste;PI;2020-03-08;0;0
Nordeste;CE;2020-03-08;0;0
Nordeste;RN;2020-03-08;0;0
Nordeste;PB;2020-03-08;0;0
Nordeste;PE;2020-03-08;0;0
Nordeste;AL;2020-03-08;1;0
Nordeste;SE;2020-03-08;0;0
Nordeste;BA;2020-03-08;2;0
Sudeste;MG;2020-03-08;1;0
Sudeste;ES;2020-03-08;1;0
Sudeste;RJ;2020-03-08;3;0
Sudeste;SP;2020-03-08;16;0
Sul;PR;2020-03-08;0;0
Sul;SC;2020-03-08;0;0
Sul;RS;2020-03-08;0;0
Centro-Oeste;MS;2020-03-08;0;0
Centro-Oeste;MT;2020-03-08;0;0
Centro-Oeste;GO;2020-03-08;0;0
Centro-Oeste;DF;2020-03-08;1;0
EUA;NY;2020-03-08;106;0
Norte;RO;2020-03-07;0;0
Norte;AC;2020-03-07;0;0
Norte;AM;2020-03-07;0;0
Norte;RR;2020-03-07;0;0
Norte;PA;2020-03-07;0;0
Norte;AP;2020-03-07;0;0
Norte;TO;2020-03-07;0;0
Nordeste;MA;2020-03-07;0;0
Nordeste;PI;2020-03-07;0;0
Nordeste;CE;2020-03-07;0;0
Nordeste;RN;2020-03-07;0;0
Nordeste;PB;2020-03-07;0;0
Nordeste;PE;2020-03-07;0;0
Nordeste;AL;2020-03-07;0;0
Nordeste;SE;2020-03-07;0;0
Nordeste;BA;2020-03-07;2;0
Sudeste;MG;2020-03-07;0;0
Sudeste;ES;2020-03-07;1;0
Sudeste;RJ;2020-03-07;2;0
Sudeste;SP;2020-03-07;13;0
Sul;PR;2020-03-07;0;0
Sul;SC;2020-03-07;0;0
Sul;RS;2020-03-07;0;0
Centro-Oeste;MS;2020-03-07;0;0
Centro-Oeste;MT;2020-03-07;0;0
Centro-Oeste;GO;2020-03-07;0;0
Centro-Oeste;DF;2020-03-07;1;0
EUA;NY;2020-03-07;89;0
Norte;RO;2020-03-06;0;0
Norte;AC;2020-03-06;0;0
Norte;AM;2020-03-06;0;0
Norte;RR;2020-03-06;0;0
Norte;PA;2020-03-06;0;0
Norte;AP;2020-03-06;0;0
Norte;TO;2020-03-06;0;0
Nordeste;MA;2020-03-06;0;0
Nordeste;PI;2020-03-06;0;0
Nordeste;CE;2020-03-06;0;0
Nordeste;RN;2020-03-06;0;0
Nordeste;PB;2020-03-06;0;0
Nordeste;PE;2020-03-06;0;0
Nordeste;AL;2020-03-06;0;0
Nordeste;SE;2020-03-06;0;0
Nordeste;BA;2020-03-06;1;0
Sudeste;MG;2020-03-06;0;0
Sudeste;ES;2020-03-06;1;0
Sudeste;RJ;2020-03-06;1;0
Sudeste;SP;2020-03-06;10;0
Sul;PR;2020-03-06;0;0
Sul;SC;2020-03-06;0;0
Sul;RS;2020-03-06;0;0
Centro-Oeste;MS;2020-03-06;0;0
Centro-Oeste;MT;2020-03-06;0;0
Centro-Oeste;GO;2020-03-06;0;0
Centro-Oeste;DF;2020-03-06;0;0
EUA;NY;2020-03-06;44;0
Norte;RO;2020-03-05;0;0
Norte;AC;2020-03-05;0;0
Norte;AM;2020-03-05;0;0
Norte;RR;2020-03-05;0;0
Norte;PA;2020-03-05;0;0
Norte;AP;2020-03-05;0;0
Norte;TO;2020-03-05;0;0
Nordeste;MA;2020-03-05;0;0
Nordeste;PI;2020-03-05;0;0
Nordeste;CE;2020-03-05;0;0
Nordeste;RN;2020-03-05;0;0
Nordeste;PB;2020-03-05;0;0
Nordeste;PE;2020-03-05;0;0
Nordeste;AL;2020-03-05;0;0
Nordeste;SE;2020-03-05;0;0
Nordeste;BA;2020-03-05;0;0
Sudeste;MG;2020-03-05;0;0
Sudeste;ES;2020-03-05;0;0
Sudeste;RJ;2020-03-05;1;0
Sudeste;SP;2020-03-05;6;0
Sul;PR;2020-03-05;0;0
Sul;SC;2020-03-05;0;0
Sul;RS;2020-03-05;0;0
Centro-Oeste;MS;2020-03-05;0;0
Centro-Oeste;MT;2020-03-05;0;0
Centro-Oeste;GO;2020-03-05;0;0
Centro-Oeste;DF;2020-03-05;0;0
EUA;NY;2020-03-05;22;0
Norte;RO;2020-03-04;0;0
Norte;AC;2020-03-04;0;0
Norte;AM;2020-03-04;0;0
Norte;RR;2020-03-04;0;0
Norte;PA;2020-03-04;0;0
Norte;AP;2020-03-04;0;0
Norte;TO;2020-03-04;0;0
Nordeste;MA;2020-03-04;0;0
Nordeste;PI;2020-03-04;0;0
Nordeste;CE;2020-03-04;0;0
Nordeste;RN;2020-03-04;0;0
Nordeste;PB;2020-03-04;0;0
Nordeste;PE;2020-03-04;0;0
Nordeste;AL;2020-03-04;0;0
Nordeste;SE;2020-03-04;0;0
Nordeste;BA;2020-03-04;0;0
Sudeste;MG;2020-03-04;0;0
Sudeste;ES;2020-03-04;0;0
Sudeste;RJ;2020-03-04;0;0
Sudeste;SP;2020-03-04;3;0
Sul;PR;2020-03-04;0;0
Sul;SC;2020-03-04;0;0
Sul;RS;2020-03-04;0;0
Centro-Oeste;MS;2020-03-04;0;0
Centro-Oeste;MT;2020-03-04;0;0
Centro-Oeste;GO;2020-03-04;0;0
Centro-Oeste;DF;2020-03-04;0;0
EUA;NY;2020-03-04;11;0
Norte;RO;2020-03-03;0;0
Norte;AC;2020-03-03;0;0
Norte;AM;2020-03-03;0;0
Norte;RR;2020-03-03;0;0
Norte;PA;2020-03-03;0;0
Norte;AP;2020-03-03;0;0
Norte;TO;2020-03-03;0;0
Nordeste;MA;2020-03-03;0;0
Nordeste;PI;2020-03-03;0;0
Nordeste;CE;2020-03-03;0;0
Nordeste;RN;2020-03-03;0;0
Nordeste;PB;2020-03-03;0;0
Nordeste;PE;2020-03-03;0;0
Nordeste;AL;2020-03-03;0;0
Nordeste;SE;2020-03-03;0;0
Nordeste;BA;2020-03-03;0;0
Sudeste;MG;2020-03-03;0;0
Sudeste;ES;2020-03-03;0;0
Sudeste;RJ;2020-03-03;0;0
Sudeste;SP;2020-03-03;2;0
Sul;PR;2020-03-03;0;0
Sul;SC;2020-03-03;0;0
Sul;RS;2020-03-03;0;0
Centro-Oeste;MS;2020-03-03;0;0
Centro-Oeste;MT;2020-03-03;0;0
Centro-Oeste;GO;2020-03-03;0;0
Centro-Oeste;DF;2020-03-03;0;0
EUA;NY;2020-03-03;2;0
Norte;RO;2020-03-02;0;0
Norte;AC;2020-03-02;0;0
Norte;AM;2020-03-02;0;0
Norte;RR;2020-03-02;0;0
Norte;PA;2020-03-02;0;0
Norte;AP;2020-03-02;0;0
Norte;TO;2020-03-02;0;0
Nordeste;MA;2020-03-02;0;0
Nordeste;PI;2020-03-02;0;0
Nordeste;CE;2020-03-02;0;0
Nordeste;RN;2020-03-02;0;0
Nordeste;PB;2020-03-02;0;0
Nordeste;PE;2020-03-02;0;0
Nordeste;AL;2020-03-02;0;0
Nordeste;SE;2020-03-02;0;0
Nordeste;BA;2020-03-02;0;0
Sudeste;MG;2020-03-02;0;0
Sudeste;ES;2020-03-02;0;0
Sudeste;RJ;2020-03-02;0;0
Sudeste;SP;2020-03-02;2;0
Sul;PR;2020-03-02;0;0
Sul;SC;2020-03-02;0;0
Sul;RS;2020-03-02;0;0
Centro-Oeste;MS;2020-03-02;0;0
Centro-Oeste;MT;2020-03-02;0;0
Centro-Oeste;GO;2020-03-02;0;0
Centro-Oeste;DF;2020-03-02;0;0
EUA;NY;2020-03-02;1;0
Norte;RO;2020-03-01;0;0
Norte;AC;2020-03-01;0;0
Norte;AM;2020-03-01;0;0
Norte;RR;2020-03-01;0;0
Norte;PA;2020-03-01;0;0
Norte;AP;2020-03-01;0;0
Norte;TO;2020-03-01;0;0
Nordeste;MA;2020-03-01;0;0
Nordeste;PI;2020-03-01;0;0
Nordeste;CE;2020-03-01;0;0
Nordeste;RN;2020-03-01;0;0
Nordeste;PB;2020-03-01;0;0
Nordeste;PE;2020-03-01;0;0
Nordeste;AL;2020-03-01;0;0
Nordeste;SE;2020-03-01;0;0
Nordeste;BA;2020-03-01;0;0
Sudeste;MG;2020-03-01;0;0
Sudeste;ES;2020-03-01;0;0
Sudeste;RJ;2020-03-01;0;0
Sudeste;SP;2020-03-01;2;0
Sul;PR;2020-03-01;0;0
Sul;SC;2020-03-01;0;0
Sul;RS;2020-03-01;0;0
Centro-Oeste;MS;2020-03-01;0;0
Centro-Oeste;MT;2020-03-01;0;0
Centro-Oeste;GO;2020-03-01;0;0
Centro-Oeste;DF;2020-03-01;0;0
EUA;NY;2020-03-01;1;0
Norte;RO;2020-02-29;0;0
Norte;AC;2020-02-29;0;0
Norte;AM;2020-02-29;0;0
Norte;RR;2020-02-29;0;0
Norte;PA;2020-02-29;0;0
Norte;AP;2020-02-29;0;0
Norte;TO;2020-02-29;0;0
Nordeste;MA;2020-02-29;0;0
Nordeste;PI;2020-02-29;0;0
Nordeste;CE;2020-02-29;0;0
Nordeste;RN;2020-02-29;0;0
Nordeste;PB;2020-02-29;0;0
Nordeste;PE;2020-02-29;0;0
Nordeste;AL;2020-02-29;0;0
Nordeste;SE;2020-02-29;0;0
Nordeste;BA;2020-02-29;0;0
Sudeste;MG;2020-02-29;0;0
Sudeste;ES;2020-02-29;0;0
Sudeste;RJ;2020-02-29;0;0
Sudeste;SP;2020-02-29;2;0
Sul;PR;2020-02-29;0;0
Sul;SC;2020-02-29;0;0
Sul;RS;2020-02-29;0;0
Centro-Oeste;MS;2020-02-29;0;0
Centro-Oeste;MT;2020-02-29;0;0
Centro-Oeste;GO;2020-02-29;0;0
Centro-Oeste;DF;2020-02-29;0;0
Norte;RO;2020-02-28;0;0
Norte;AC;2020-02-28;0;0
Norte;AM;2020-02-28;0;0
Norte;RR;2020-02-28;0;0
Norte;PA;2020-02-28;0;0
Norte;AP;2020-02-28;0;0
Norte;TO;2020-02-28;0;0
Nordeste;MA;2020-02-28;0;0
Nordeste;PI;2020-02-28;0;0
Nordeste;CE;2020-02-28;0;0
Nordeste;RN;2020-02-28;0;0
Nordeste;PB;2020-02-28;0;0
Nordeste;PE;2020-02-28;0;0
Nordeste;AL;2020-02-28;0;0
Nordeste;SE;2020-02-28;0;0
Nordeste;BA;2020-02-28;0;0
Sudeste;MG;2020-02-28;0;0
Sudeste;ES;2020-02-28;0;0
Sudeste;RJ;2020-02-28;0;0
Sudeste;SP;2020-02-28;1;0
Sul;PR;2020-02-28;0;0
Sul;SC;2020-02-28;0;0
Sul;RS;2020-02-28;0;0
Centro-Oeste;MS;2020-02-28;0;0
Centro-Oeste;MT;2020-02-28;0;0
Centro-Oeste;GO;2020-02-28;0;0
Centro-Oeste;DF;2020-02-28;0;0
Norte;RO;2020-02-27;0;0
Norte;AC;2020-02-27;0;0
Norte;AM;2020-02-27;0;0
Norte;RR;2020-02-27;0;0
Norte;PA;2020-02-27;0;0
Norte;AP;2020-02-27;0;0
Norte;TO;2020-02-27;0;0
Nordeste;MA;2020-02-27;0;0
Nordeste;PI;2020-02-27;0;0
Nordeste;CE;2020-02-27;0;0
Nordeste;RN;2020-02-27;0;0
Nordeste;PB;2020-02-27;0;0
Nordeste;PE;2020-02-27;0;0
Nordeste;AL;2020-02-27;0;0
Nordeste;SE;2020-02-27;0;0
Nordeste;BA;2020-02-27;0;0
Sudeste;MG;2020-02-27;0;0
Sudeste;ES;2020-02-27;0;0
Sudeste;RJ;2020-02-27;0;0
Sudeste;SP;2020-02-27;1;0
Sul;PR;2020-02-27;0;0
Sul;SC;2020-02-27;0;0
Sul;RS;2020-02-27;0;0
Centro-Oeste;MS;2020-02-27;0;0
Centro-Oeste;MT;2020-02-27;0;0
Centro-Oeste;GO;2020-02-27;0;0
Centro-Oeste;DF;2020-02-27;0;0
Norte;RO;2020-02-26;0;0
Norte;AC;2020-02-26;0;0
Norte;AM;2020-02-26;0;0
Norte;RR;2020-02-26;0;0
Norte;PA;2020-02-26;0;0
Norte;AP;2020-02-26;0;0
Norte;TO;2020-02-26;0;0
Nordeste;MA;2020-02-26;0;0
Nordeste;PI;2020-02-26;0;0
Nordeste;CE;2020-02-26;0;0
Nordeste;RN;2020-02-26;0;0
Nordeste;PB;2020-02-26;0;0
Nordeste;PE;2020-02-26;0;0
Nordeste;AL;2020-02-26;0;0
Nordeste;SE;2020-02-26;0;0
Nordeste;BA;2020-02-26;0;0
Sudeste;MG;2020-02-26;0;0
Sudeste;ES;2020-02-26;0;0
Sudeste;RJ;2020-02-26;0;0
Sudeste;SP;2020-02-26;1;0
Sul;PR;2020-02-26;0;0
Sul;SC;2020-02-26;0;0
Sul;RS;2020-02-26;0;0
Centro-Oeste;MS;2020-02-26;0;0
Centro-Oeste;MT;2020-02-26;0;0
Centro-Oeste;GO;2020-02-26;0;0
Centro-Oeste;DF;2020-02-26;0;0
Norte;RO;2020-02-25;0;0
Norte;AC;2020-02-25;0;0
Norte;AM;2020-02-25;0;0
Norte;RR;2020-02-25;0;0
Norte;PA;2020-02-25;0;0
Norte;AP;2020-02-25;0;0
Norte;TO;2020-02-25;0;0
Nordeste;MA;2020-02-25;0;0
Nordeste;PI;2020-02-25;0;0
Nordeste;CE;2020-02-25;0;0
Nordeste;RN;2020-02-25;0;0
Nordeste;PB;2020-02-25;0;0
Nordeste;PE;2020-02-25;0;0
Nordeste;AL;2020-02-25;0;0
Nordeste;SE;2020-02-25;0;0
Nordeste;BA;2020-02-25;0;0
Sudeste;MG;2020-02-25;0;0
Sudeste;ES;2020-02-25;0;0
Sudeste;RJ;2020-02-25;0;0
Sudeste;SP;2020-02-25;0;0
Sul;PR;2020-02-25;0;0
Sul;SC;2020-02-25;0;0
Sul;RS;2020-02-25;0;0
Centro-Oeste;MS;2020-02-25;0;0
Centro-Oeste;MT;2020-02-25;0;0
Centro-Oeste;GO;2020-02-25;0;0
Centro-Oeste;DF;2020-02-25;0;0
